filename,status,volume_rate(%),duration(s),memory(KB)
br00_001.json,partial,85.93,0.001,220
br00_002.json,partial,90.80,0.386,2160
br00_003.json,partial,67.68,0.001,207
br00_004.json,partial,68.41,0.001,131
br00_005.json,partial,80.07,0.002,275
br00_006.json,partial,69.14,0.001,139
br00_007.json,partial,69.52,0.001,97
br00_008.json,partial,76.64,0.002,198
br00_009.json,partial,71.23,0.001,120
br00_010.json,partial,77.68,0.004,361
br00_011.json,partial,68.05,0.002,161
br00_012.json,partial,69.11,0.001,109
br00_013.json,partial,82.12,0.091,1080
br00_014.json,partial,90.12,0.009,538
br00_015.json,partial,78.45,0.003,304
br00_016.json,partial,72.45,0.047,683
br00_017.json,partial,91.92,0.005,457
br00_018.json,partial,87.83,0.002,316
br00_019.json,partial,89.59,0.024,772
br00_020.json,partial,88.47,0.001,112
br00_021.json,partial,72.77,0.000,67
br00_022.json,partial,73.83,0.001,138
br00_023.json,partial,65.53,0.002,274
br00_024.json,partial,60.99,0.001,160
br00_025.json,partial,87.62,0.004,389
br00_026.json,partial,83.20,0.001,209
br00_027.json,partial,66.91,0.001,122
br00_028.json,partial,85.34,0.003,282
br00_029.json,partial,71.99,0.001,160
br00_030.json,partial,77.92,0.010,451
br00_031.json,partial,68.94,0.002,207
br00_032.json,partial,95.02,0.001,181
br00_033.json,partial,87.43,0.325,1747
br00_034.json,partial,87.13,0.029,818
br00_035.json,partial,92.82,0.008,545
br00_036.json,partial,87.05,0.133,1307
br00_037.json,partial,88.92,0.001,180
br00_038.json,partial,71.48,0.001,97
br00_039.json,partial,76.03,0.002,215
br00_040.json,partial,83.61,0.001,132
br00_041.json,partial,78.83,0.001,88
br00_042.json,partial,84.11,0.002,190
br00_043.json,partial,86.68,0.001,121
br00_044.json,partial,76.15,0.002,258
br00_045.json,partial,89.96,0.008,509
br00_046.json,partial,93.10,0.002,318
br00_047.json,partial,80.05,0.001,191
br00_048.json,partial,73.33,0.006,347
br00_049.json,partial,70.55,0.002,206
br00_050.json,partial,85.76,0.030,689
br00_051.json,partial,89.45,0.004,357
br00_052.json,partial,89.73,0.001,254
br00_053.json,partial,91.16,0.018,713
br00_054.json,partial,78.73,0.002,319
br00_055.json,partial,61.23,0.001,160
br00_056.json,partial,80.06,0.006,404
br00_057.json,partial,82.49,0.001,209
br00_058.json,partial,70.21,0.001,120
br00_059.json,partial,74.92,0.003,266
br00_060.json,partial,68.20,0.001,137
br00_061.json,partial,70.94,0.001,99
br00_062.json,partial,70.35,0.002,206
br00_063.json,partial,76.98,0.001,135
br00_064.json,partial,90.02,0.004,451
br00_065.json,partial,89.35,0.025,758
br00_066.json,partial,79.94,0.006,404
br00_067.json,partial,67.78,0.002,243
br00_068.json,partial,91.91,0.012,578
br00_069.json,partial,85.16,0.004,357
br00_070.json,partial,81.71,0.066,1011
br00_071.json,partial,66.58,0.001,115
br00_072.json,partial,74.20,0.001,81
br00_073.json,partial,77.56,0.001,203
br00_074.json,partial,81.01,0.001,114
br00_075.json,partial,70.47,0.001,238
br00_076.json,partial,85.77,0.012,537
br00_077.json,partial,91.81,0.002,297
br00_078.json,partial,80.73,0.001,174
br00_079.json,partial,67.63,0.006,323
br00_080.json,partial,86.72,0.001,217
br00_081.json,partial,72.38,0.001,130
br00_082.json,partial,79.32,0.004,302
br00_083.json,partial,75.68,0.001,181
br00_084.json,partial,91.89,0.001,154
br00_085.json,partial,95.22,0.065,1262
br00_086.json,partial,85.49,0.019,660
br00_087.json,partial,80.19,0.007,445
br00_088.json,partial,79.76,0.001,210
br00_089.json,partial,64.13,0.001,110
br00_090.json,partial,78.88,0.003,317
br00_091.json,partial,65.65,0.001,136
br00_092.json,partial,79.11,0.001,103
br00_093.json,partial,73.46,0.002,243
br00_094.json,partial,79.10,0.001,135
br00_095.json,partial,86.62,0.003,391
br00_096.json,partial,83.62,0.029,734
br00_097.json,partial,77.91,0.005,341
br00_098.json,partial,80.99,0.002,228
br00_099.json,partial,94.34,0.008,547
br00_100.json,partial,66.86,0.003,247
br01_001.json,partial,75.91,0.001,184
br01_002.json,partial,86.36,0.001,228
br01_003.json,partial,74.20,0.001,195
br01_004.json,partial,81.10,0.004,284
br01_005.json,partial,78.23,0.005,216
br01_006.json,partial,84.18,0.002,241
br01_007.json,partial,82.60,0.003,185
br01_008.json,partial,91.94,0.005,320
br01_009.json,partial,70.30,0.002,146
br01_010.json,partial,87.25,0.003,206
br01_011.json,partial,77.66,0.001,158
br01_012.json,partial,82.88,0.001,174
br01_013.json,partial,89.74,0.009,460
br01_014.json,partial,86.79,0.002,194
br01_015.json,partial,82.21,0.002,187
br01_016.json,partial,88.30,0.005,269
br01_017.json,partial,89.00,0.006,360
br01_018.json,partial,75.21,0.001,134
br01_019.json,partial,86.46,0.001,207
br01_020.json,partial,81.86,0.001,131
br01_021.json,partial,88.42,0.001,135
br01_022.json,partial,76.91,0.002,187
br01_023.json,partial,85.73,0.001,210
br01_024.json,partial,78.91,0.002,172
br01_025.json,partial,75.85,0.002,197
br01_026.json,partial,77.01,0.001,201
br01_027.json,partial,78.80,0.001,173
br01_028.json,partial,75.35,0.002,150
br01_029.json,partial,84.21,0.002,185
br01_030.json,partial,86.53,0.058,669
br01_031.json,partial,74.01,0.002,202
br01_032.json,partial,84.08,0.003,249
br01_033.json,partial,87.39,0.016,476
br01_034.json,partial,86.04,0.002,289
br01_035.json,partial,80.29,0.002,235
br01_036.json,partial,88.91,0.003,306
br01_037.json,partial,85.66,0.001,167
br01_038.json,partial,79.61,0.001,158
br01_039.json,partial,90.26,0.008,393
br01_040.json,partial,83.82,0.001,180
br01_041.json,partial,86.09,0.001,171
br01_042.json,partial,83.05,0.003,258
br01_043.json,partial,81.80,0.001,235
br01_044.json,partial,67.28,0.001,207
br01_045.json,partial,82.96,0.002,204
br01_046.json,partial,84.26,0.001,175
br01_047.json,partial,83.73,0.002,229
br01_048.json,partial,84.21,0.003,258
br01_049.json,partial,82.53,0.001,139
br01_050.json,partial,87.66,0.003,284
br01_051.json,partial,78.97,0.002,194
br01_052.json,partial,84.34,0.004,276
br01_053.json,partial,83.32,0.002,291
br01_054.json,partial,76.97,0.002,214
br01_055.json,partial,77.43,0.001,192
br01_056.json,partial,81.63,0.046,593
br01_057.json,partial,74.01,0.002,198
br01_058.json,partial,81.42,0.001,145
br01_059.json,partial,79.45,0.006,312
br01_060.json,partial,80.78,0.001,184
br01_061.json,partial,74.29,0.001,152
br01_062.json,partial,82.11,0.001,197
br01_063.json,partial,70.15,0.001,126
br01_064.json,partial,86.03,0.002,223
br01_065.json,partial,85.08,0.085,792
br01_066.json,partial,84.47,0.002,265
br01_067.json,partial,78.45,0.005,348
br01_068.json,partial,90.76,0.011,434
br01_069.json,partial,80.64,0.002,237
br01_070.json,partial,83.76,0.002,297
br01_071.json,partial,79.29,0.001,167
br01_072.json,partial,81.97,0.001,125
br01_073.json,partial,82.83,0.002,196
br01_074.json,partial,82.09,0.002,198
br01_075.json,partial,72.37,0.002,207
br01_076.json,partial,86.12,0.012,470
br01_077.json,partial,80.64,0.004,304
br01_078.json,partial,92.46,0.002,318
br01_079.json,partial,86.83,0.004,351
br01_080.json,partial,79.64,0.001,188
br01_081.json,partial,81.04,0.001,128
br01_082.json,partial,74.02,0.003,241
br01_083.json,partial,83.45,0.002,209
br01_084.json,partial,67.56,0.001,100
br01_085.json,partial,86.80,0.021,508
br01_086.json,partial,84.21,0.003,243
br01_087.json,partial,87.73,0.001,173
br01_088.json,partial,77.02,0.002,199
br01_089.json,partial,79.12,0.001,160
br01_090.json,partial,76.71,0.001,133
br01_091.json,partial,90.05,0.011,399
br01_092.json,partial,82.76,0.001,144
br01_093.json,partial,85.92,0.001,196
br01_094.json,partial,87.44,0.002,226
br01_095.json,partial,78.60,0.002,207
br01_096.json,partial,89.29,0.003,308
br01_097.json,partial,82.61,0.002,222
br01_098.json,partial,76.88,0.002,180
br01_099.json,partial,78.70,0.003,215
br01_100.json,partial,80.34,0.007,334
br02_001.json,partial,78.64,0.001,131
br02_002.json,partial,89.26,0.001,201
br02_003.json,partial,82.17,0.003,281
br02_004.json,partial,84.52,0.006,286
br02_005.json,partial,77.60,0.001,172
br02_006.json,partial,86.70,0.003,246
br02_007.json,partial,80.75,0.004,227
br02_008.json,partial,80.83,0.001,205
br02_009.json,partial,77.73,0.001,188
br02_010.json,partial,84.89,0.004,275
br02_011.json,partial,82.55,0.001,153
br02_012.json,partial,77.09,0.001,133
br02_013.json,partial,90.60,0.007,372
br02_014.json,partial,81.67,0.001,172
br02_015.json,partial,77.60,0.003,191
br02_016.json,partial,75.65,0.003,233
br02_017.json,partial,85.45,0.001,192
br02_018.json,partial,85.29,0.001,178
br02_019.json,partial,86.64,0.003,232
br02_020.json,partial,85.10,0.001,187
br02_021.json,partial,80.42,0.001,136
br02_022.json,partial,81.41,0.001,166
br02_023.json,partial,67.33,0.001,180
br02_024.json,partial,77.55,0.001,136
br02_025.json,partial,79.05,0.003,240
br02_026.json,partial,84.51,0.003,303
br02_027.json,partial,84.31,0.001,192
br02_028.json,partial,81.62,0.002,191
br02_029.json,partial,84.12,0.003,221
br02_030.json,partial,91.61,0.005,324
br02_031.json,partial,72.09,0.003,226
br02_032.json,partial,84.39,0.002,236
br02_033.json,partial,83.20,0.001,194
br02_034.json,partial,86.52,0.003,280
br02_035.json,partial,86.10,0.002,258
br02_036.json,partial,85.05,0.001,187
br02_037.json,partial,87.00,0.001,174
br02_038.json,partial,87.51,0.002,197
br02_039.json,partial,86.40,0.015,418
br02_040.json,partial,84.61,0.001,165
br02_041.json,partial,84.44,0.001,160
br02_042.json,partial,75.74,0.003,244
br02_043.json,partial,85.13,0.001,177
br02_044.json,partial,71.78,0.002,190
br02_045.json,partial,83.38,0.003,262
br02_046.json,partial,77.27,0.001,158
br02_047.json,partial,78.02,0.003,253
br02_048.json,partial,86.08,0.002,225
br02_049.json,partial,83.91,0.001,164
br02_050.json,partial,86.47,0.003,249
br02_051.json,partial,85.95,0.003,272
br02_052.json,partial,87.92,0.001,186
br02_053.json,partial,88.58,0.001,248
br02_054.json,partial,80.66,0.002,208
br02_055.json,partial,81.25,0.001,199
br02_056.json,partial,86.14,0.005,260
br02_057.json,partial,78.79,0.003,248
br02_058.json,partial,85.23,0.001,174
br02_059.json,partial,72.61,0.009,298
br02_060.json,partial,81.14,0.002,182
br02_061.json,partial,79.72,0.001,130
br02_062.json,partial,74.09,0.002,167
br02_063.json,partial,81.51,0.001,203
br02_064.json,partial,85.14,0.002,195
br02_065.json,partial,89.58,0.005,295
br02_066.json,partial,82.00,0.002,205
br02_067.json,partial,80.65,0.004,284
br02_068.json,partial,88.19,0.002,216
br02_069.json,partial,79.74,0.002,242
br02_070.json,partial,78.84,0.001,203
br02_071.json,partial,84.13,0.002,194
br02_072.json,partial,78.27,0.001,131
br02_073.json,partial,80.03,0.002,192
br02_074.json,partial,78.00,0.002,184
br02_075.json,partial,81.43,0.004,261
br02_076.json,partial,88.01,0.006,305
br02_077.json,partial,83.01,0.009,332
br02_078.json,partial,83.37,0.003,323
br02_079.json,partial,85.78,0.007,340
br02_080.json,partial,79.35,0.001,175
br02_081.json,partial,82.37,0.001,141
br02_082.json,partial,80.20,0.002,220
br02_083.json,partial,75.79,0.003,203
br02_084.json,partial,78.43,0.001,144
br02_085.json,partial,87.00,0.005,363
br02_086.json,partial,80.56,0.004,255
br02_087.json,partial,87.85,0.001,172
br02_088.json,partial,76.29,0.002,216
br02_089.json,partial,76.80,0.001,157
br02_090.json,partial,78.70,0.001,128
br02_091.json,partial,81.83,0.002,312
br02_092.json,partial,79.80,0.001,129
br02_093.json,partial,85.34,0.001,146
br02_094.json,partial,90.21,0.004,299
br02_095.json,partial,82.82,0.002,250
br02_096.json,partial,87.04,0.007,322
br02_097.json,partial,84.01,0.004,262
br02_098.json,partial,83.12,0.003,228
br02_099.json,partial,85.11,0.004,284
br02_100.json,partial,82.15,0.002,213
br03_001.json,partial,80.42,0.001,156
br03_002.json,partial,86.32,0.002,191
br03_003.json,partial,78.69,0.003,226
br03_004.json,partial,85.34,0.007,282
br03_005.json,partial,79.42,0.001,172
br03_006.json,partial,82.91,0.003,242
br03_007.json,partial,83.64,0.003,236
br03_008.json,partial,87.84,0.001,184
br03_009.json,partial,83.56,0.002,215
br03_010.json,partial,81.25,0.006,286
br03_011.json,partial,79.65,0.002,182
br03_012.json,partial,80.97,0.001,168
br03_013.json,partial,85.25,0.005,316
br03_014.json,partial,87.11,0.001,183
br03_015.json,partial,83.48,0.002,175
br03_016.json,partial,83.84,0.002,197
br03_017.json,partial,88.12,0.001,157
br03_018.json,partial,78.56,0.001,150
br03_019.json,partial,85.95,0.005,293
br03_020.json,partial,86.18,0.002,215
br03_021.json,partial,78.93,0.001,153
br03_022.json,partial,83.38,0.001,189
br03_023.json,partial,85.15,0.002,212
br03_024.json,partial,82.34,0.002,179
br03_025.json,partial,76.63,0.002,209
br03_026.json,partial,83.35,0.003,290
br03_027.json,partial,84.00,0.002,188
br03_028.json,partial,79.37,0.003,223
br03_029.json,partial,78.37,0.006,261
br03_030.json,partial,82.86,0.003,243
br03_031.json,partial,78.85,0.003,225
br03_032.json,partial,82.06,0.003,218
br03_033.json,partial,87.35,0.002,230
br03_034.json,partial,81.07,0.004,268
br03_035.json,partial,82.86,0.004,256
br03_036.json,partial,90.88,0.002,188
br03_037.json,partial,82.82,0.001,175
br03_038.json,partial,84.28,0.001,176
br03_039.json,partial,84.28,0.009,366
br03_040.json,partial,76.38,0.001,134
br03_041.json,partial,84.97,0.002,198
br03_042.json,partial,81.63,0.002,220
br03_043.json,partial,85.38,0.001,159
br03_044.json,partial,83.21,0.002,251
br03_045.json,partial,84.46,0.003,232
br03_046.json,partial,79.97,0.001,182
br03_047.json,partial,79.01,0.003,238
br03_048.json,partial,79.89,0.001,173
br03_049.json,partial,86.17,0.001,193
br03_050.json,partial,82.60,0.002,220
br03_051.json,partial,81.34,0.003,270
br03_052.json,partial,85.30,0.003,244
br03_053.json,partial,82.42,0.001,171
br03_054.json,partial,82.22,0.003,298
br03_055.json,partial,78.52,0.003,233
br03_056.json,partial,85.28,0.008,378
br03_057.json,partial,84.08,0.002,192
br03_058.json,partial,82.48,0.001,150
br03_059.json,partial,77.19,0.011,347
br03_060.json,partial,80.30,0.002,188
br03_061.json,partial,83.36,0.001,143
br03_062.json,partial,84.75,0.002,182
br03_063.json,partial,83.94,0.002,187
br03_064.json,partial,82.81,0.002,219
br03_065.json,partial,85.38,0.003,196
br03_066.json,partial,85.56,0.001,175
br03_067.json,partial,79.84,0.004,268
br03_068.json,partial,89.84,0.002,205
br03_069.json,partial,79.37,0.004,247
br03_070.json,partial,77.97,0.001,177
br03_071.json,partial,83.36,0.002,224
br03_072.json,partial,82.88,0.003,204
br03_073.json,partial,80.22,0.001,177
br03_074.json,partial,82.92,0.002,197
br03_075.json,partial,83.11,0.002,214
br03_076.json,partial,81.40,0.003,210
br03_077.json,partial,80.10,0.008,321
br03_078.json,partial,82.30,0.003,263
br03_079.json,partial,81.57,0.006,317
br03_080.json,partial,78.21,0.001,170
br03_081.json,partial,80.96,0.001,138
br03_082.json,partial,83.16,0.004,281
br03_083.json,partial,79.71,0.003,209
br03_084.json,partial,80.37,0.001,169
br03_085.json,partial,84.67,0.002,263
br03_086.json,partial,84.01,0.004,259
br03_087.json,partial,88.65,0.002,201
br03_088.json,partial,74.04,0.004,264
br03_089.json,partial,79.13,0.001,148
br03_090.json,partial,83.94,0.001,143
br03_091.json,partial,87.73,0.003,338
br03_092.json,partial,81.47,0.001,164
br03_093.json,partial,79.66,0.001,150
br03_094.json,partial,83.95,0.004,245
br03_095.json,partial,80.82,0.003,298
br03_096.json,partial,82.19,0.007,291
br03_097.json,partial,85.06,0.003,274
br03_098.json,partial,75.87,0.002,181
br03_099.json,partial,78.89,0.002,181
br03_100.json,partial,81.30,0.002,231
br04_001.json,partial,79.03,0.001,187
br04_002.json,partial,83.07,0.002,204
br04_003.json,partial,82.48,0.002,229
br04_004.json,partial,80.62,0.004,264
br04_005.json,partial,82.27,0.002,209
br04_006.json,partial,77.96,0.006,202
br04_007.json,partial,79.58,0.004,214
br04_008.json,partial,76.46,0.002,181
br04_009.json,partial,79.00,0.004,232
br04_010.json,partial,83.23,0.003,204
br04_011.json,partial,80.13,0.003,199
br04_012.json,partial,83.02,0.002,191
br04_013.json,partial,82.30,0.005,266
br04_014.json,partial,85.63,0.002,184
br04_015.json,partial,81.23,0.002,168
br04_016.json,partial,80.59,0.003,199
br04_017.json,partial,86.70,0.001,163
br04_018.json,partial,82.90,0.001,139
br04_019.json,partial,84.43,0.003,223
br04_020.json,partial,85.01,0.004,213
br04_021.json,partial,80.28,0.002,192
br04_022.json,partial,85.23,0.002,177
br04_023.json,partial,86.63,0.001,182
br04_024.json,partial,79.30,0.004,214
br04_025.json,partial,77.04,0.002,209
br04_026.json,partial,84.52,0.004,273
br04_027.json,partial,85.74,0.002,213
br04_028.json,partial,75.79,0.004,274
br04_029.json,partial,82.84,0.003,206
br04_030.json,partial,80.98,0.003,229
br04_031.json,partial,79.61,0.003,244
br04_032.json,partial,75.79,0.004,233
br04_033.json,partial,89.25,0.002,230
br04_034.json,partial,79.81,0.003,209
br04_035.json,partial,83.64,0.004,251
br04_036.json,partial,85.34,0.002,205
br04_037.json,partial,82.68,0.002,200
br04_038.json,partial,79.45,0.001,199
br04_039.json,partial,81.84,0.012,342
br04_040.json,partial,72.42,0.001,160
br04_041.json,partial,85.37,0.001,179
br04_042.json,partial,76.37,0.002,194
br04_043.json,partial,87.76,0.001,162
br04_044.json,partial,77.81,0.002,221
br04_045.json,partial,82.70,0.003,259
br04_046.json,partial,81.63,0.001,178
br04_047.json,partial,80.47,0.003,223
br04_048.json,partial,81.38,0.002,182
br04_049.json,partial,82.63,0.001,191
br04_050.json,partial,85.49,0.004,289
br04_051.json,partial,85.44,0.005,314
br04_052.json,partial,84.93,0.002,248
br04_053.json,partial,84.62,0.001,177
br04_054.json,partial,85.23,0.003,310
br04_055.json,partial,83.66,0.003,237
br04_056.json,partial,81.45,0.010,372
br04_057.json,partial,82.99,0.001,162
br04_058.json,partial,86.16,0.001,198
br04_059.json,partial,80.21,0.009,305
br04_060.json,partial,80.45,0.002,204
br04_061.json,partial,83.93,0.002,210
br04_062.json,partial,84.89,0.003,187
br04_063.json,partial,85.13,0.001,179
br04_064.json,partial,85.06,0.002,193
br04_065.json,partial,85.50,0.003,238
br04_066.json,partial,82.33,0.002,172
br04_067.json,partial,79.23,0.005,277
br04_068.json,partial,83.55,0.001,201
br04_069.json,partial,79.32,0.004,246
br04_070.json,partial,77.40,0.001,191
br04_071.json,partial,80.56,0.003,226
br04_072.json,partial,79.93,0.003,189
br04_073.json,partial,86.73,0.002,207
br04_074.json,partial,81.01,0.001,156
br04_075.json,partial,78.42,0.003,235
br04_076.json,partial,83.63,0.002,188
br04_077.json,partial,79.40,0.007,295
br04_078.json,partial,85.21,0.003,287
br04_079.json,partial,87.03,0.010,370
br04_080.json,partial,77.25,0.002,200
br04_081.json,partial,80.12,0.002,168
br04_082.json,partial,80.46,0.003,259
br04_083.json,partial,79.44,0.002,213
br04_084.json,partial,86.42,0.002,202
br04_085.json,partial,85.60,0.001,229
br04_086.json,partial,80.46,0.003,245
br04_087.json,partial,84.34,0.001,183
br04_088.json,partial,77.13,0.005,277
br04_089.json,partial,83.54,0.001,155
br04_090.json,partial,81.77,0.001,156
br04_091.json,partial,84.69,0.002,212
br04_092.json,partial,85.93,0.001,164
br04_093.json,partial,76.83,0.001,140
br04_094.json,partial,84.75,0.003,219
br04_095.json,partial,77.98,0.003,288
br04_096.json,partial,85.63,0.003,232
br04_097.json,partial,82.67,0.002,246
br04_098.json,partial,82.93,0.002,193
br04_099.json,partial,83.62,0.002,199
br04_100.json,partial,83.42,0.003,247
br05_001.json,partial,82.46,0.001,182
br05_002.json,partial,84.70,0.002,238
br05_003.json,partial,80.33,0.002,223
br05_004.json,partial,84.91,0.003,238
br05_005.json,partial,86.03,0.002,222
br05_006.json,partial,81.64,0.003,236
br05_007.json,partial,79.92,0.002,219
br05_008.json,partial,82.19,0.001,177
br05_009.json,partial,83.94,0.003,219
br05_010.json,partial,85.30,0.002,229
br05_011.json,partial,82.42,0.002,249
br05_012.json,partial,79.62,0.001,179
br05_013.json,partial,83.89,0.008,304
br05_014.json,partial,84.30,0.002,201
br05_015.json,partial,82.08,0.002,179
br05_016.json,partial,81.40,0.002,191
br05_017.json,partial,84.91,0.001,192
br05_018.json,partial,84.08,0.001,154
br05_019.json,partial,84.69,0.003,247
br05_020.json,partial,84.27,0.003,222
br05_021.json,partial,82.36,0.002,214
br05_022.json,partial,86.07,0.002,219
br05_023.json,partial,81.23,0.002,239
br05_024.json,partial,82.48,0.001,194
br05_025.json,partial,74.07,0.003,223
br05_026.json,partial,84.77,0.005,268
br05_027.json,partial,86.42,0.002,205
br05_028.json,partial,76.57,0.005,286
br05_029.json,partial,85.40,0.002,201
br05_030.json,partial,83.96,0.003,215
br05_031.json,partial,79.38,0.003,251
br05_032.json,partial,78.46,0.003,258
br05_033.json,partial,85.63,0.003,229
br05_034.json,partial,82.02,0.001,190
br05_035.json,partial,82.76,0.003,249
br05_036.json,partial,84.46,0.002,194
br05_037.json,partial,83.83,0.002,198
br05_038.json,partial,85.82,0.002,208
br05_039.json,partial,83.97,0.009,304
br05_040.json,partial,79.55,0.001,182
br05_041.json,partial,82.49,0.002,205
br05_042.json,partial,80.69,0.002,191
br05_043.json,partial,85.00,0.001,207
br05_044.json,partial,79.15,0.002,231
br05_045.json,partial,83.46,0.005,284
br05_046.json,partial,84.04,0.001,184
br05_047.json,partial,79.98,0.003,243
br05_048.json,partial,81.31,0.002,186
br05_049.json,partial,87.62,0.001,202
br05_050.json,partial,85.45,0.005,281
br05_051.json,partial,82.48,0.006,324
br05_052.json,partial,82.32,0.002,232
br05_053.json,partial,84.00,0.002,196
br05_054.json,partial,81.14,0.004,298
br05_055.json,partial,81.89,0.003,216
br05_056.json,partial,81.43,0.009,360
br05_057.json,partial,80.87,0.001,154
br05_058.json,partial,85.61,0.001,204
br05_059.json,partial,81.47,0.004,248
br05_060.json,partial,81.93,0.002,217
br05_061.json,partial,83.32,0.001,179
br05_062.json,partial,82.57,0.003,201
br05_063.json,partial,82.72,0.001,188
br05_064.json,partial,86.40,0.002,209
br05_065.json,partial,84.15,0.004,243
br05_066.json,partial,83.26,0.002,187
br05_067.json,partial,74.86,0.002,209
br05_068.json,partial,86.85,0.001,205
br05_069.json,partial,83.61,0.003,265
br05_070.json,partial,75.61,0.001,174
br05_071.json,partial,82.73,0.003,233
br05_072.json,partial,82.94,0.002,227
br05_073.json,partial,81.78,0.002,197
br05_074.json,partial,77.92,0.001,175
br05_075.json,partial,81.71,0.001,195
br05_076.json,partial,80.16,0.001,166
br05_077.json,partial,80.92,0.005,286
br05_078.json,partial,81.47,0.004,270
br05_079.json,partial,82.51,0.007,309
br05_080.json,partial,79.19,0.002,226
br05_081.json,partial,81.51,0.001,171
br05_082.json,partial,83.49,0.002,220
br05_083.json,partial,78.98,0.002,204
br05_084.json,partial,86.82,0.002,222
br05_085.json,partial,88.20,0.002,224
br05_086.json,partial,79.59,0.002,205
br05_087.json,partial,86.77,0.002,196
br05_088.json,partial,79.87,0.004,271
br05_089.json,partial,78.67,0.001,144
br05_090.json,partial,77.88,0.001,161
br05_091.json,partial,85.91,0.003,237
br05_092.json,partial,84.36,0.002,192
br05_093.json,partial,78.27,0.001,144
br05_094.json,partial,84.32,0.002,208
br05_095.json,partial,71.78,0.003,271
br05_096.json,partial,83.22,0.003,256
br05_097.json,partial,84.46,0.002,228
br05_098.json,partial,79.26,0.003,199
br05_099.json,partial,84.48,0.002,213
br05_100.json,partial,83.20,0.002,223
br06_001.json,partial,82.02,0.001,231
br06_002.json,partial,86.00,0.003,261
br06_003.json,partial,82.70,0.002,241
br06_004.json,partial,85.91,0.003,238
br06_005.json,partial,79.94,0.003,239
br06_006.json,partial,80.16,0.003,231
br06_007.json,partial,80.74,0.002,196
br06_008.json,partial,85.77,0.001,194
br06_009.json,partial,81.73,0.002,201
br06_010.json,partial,79.88,0.003,234
br06_011.json,partial,85.20,0.002,230
br06_012.json,partial,81.80,0.002,197
br06_013.json,partial,83.38,0.008,327
br06_014.json,partial,83.75,0.003,223
br06_015.json,partial,85.51,0.002,175
br06_016.json,partial,86.97,0.002,211
br06_017.json,partial,84.16,0.002,211
br06_018.json,partial,83.92,0.001,158
br06_019.json,partial,83.62,0.002,215
br06_020.json,partial,85.03,0.002,235
br06_021.json,partial,79.97,0.002,211
br06_022.json,partial,82.11,0.002,213
br06_023.json,partial,88.87,0.001,210
br06_024.json,partial,84.10,0.001,185
br06_025.json,partial,73.09,0.003,211
br06_026.json,partial,79.21,0.004,276
br06_027.json,partial,82.67,0.002,197
br06_028.json,partial,81.19,0.003,264
br06_029.json,partial,80.23,0.003,218
br06_030.json,partial,82.30,0.003,205
br06_031.json,partial,80.42,0.004,265
br06_032.json,partial,81.36,0.002,237
br06_033.json,partial,86.50,0.003,237
br06_034.json,partial,83.58,0.002,205
br06_035.json,partial,81.92,0.004,256
br06_036.json,partial,85.78,0.002,207
br06_037.json,partial,83.87,0.001,204
br06_038.json,partial,85.40,0.002,222
br06_039.json,partial,79.84,0.007,302
br06_040.json,partial,80.44,0.002,181
br06_041.json,partial,79.73,0.002,194
br06_042.json,partial,79.49,0.002,203
br06_043.json,partial,83.20,0.002,189
br06_044.json,partial,83.47,0.002,245
br06_045.json,partial,81.91,0.004,267
br06_046.json,partial,83.25,0.001,200
br06_047.json,partial,79.27,0.003,244
br06_048.json,partial,81.67,0.002,197
br06_049.json,partial,87.24,0.001,204
br06_050.json,partial,84.34,0.003,250
br06_051.json,partial,84.33,0.004,309
br06_052.json,partial,81.46,0.002,233
br06_053.json,partial,81.93,0.002,200
br06_054.json,partial,78.16,0.003,257
br06_055.json,partial,78.24,0.003,234
br06_056.json,partial,83.95,0.003,253
br06_057.json,partial,81.67,0.002,170
br06_058.json,partial,85.90,0.001,210
br06_059.json,partial,82.98,0.002,205
br06_060.json,partial,80.88,0.002,223
br06_061.json,partial,85.32,0.002,195
br06_062.json,partial,82.33,0.002,198
br06_063.json,partial,83.41,0.002,193
br06_064.json,partial,83.36,0.002,220
br06_065.json,partial,83.21,0.003,251
br06_066.json,partial,82.91,0.002,193
br06_067.json,partial,79.67,0.003,249
br06_068.json,partial,82.14,0.001,198
br06_069.json,partial,81.21,0.005,273
br06_070.json,partial,75.56,0.002,176
br06_071.json,partial,83.35,0.002,236
br06_072.json,partial,82.97,0.002,229
br06_073.json,partial,80.57,0.002,189
br06_074.json,partial,77.54,0.001,172
br06_075.json,partial,85.49,0.002,202
br06_076.json,partial,85.65,0.002,205
br06_077.json,partial,79.33,0.004,270
br06_078.json,partial,80.04,0.003,260
br06_079.json,partial,82.18,0.003,295
br06_080.json,partial,79.23,0.003,262
br06_081.json,partial,77.58,0.001,150
br06_082.json,partial,84.54,0.002,242
br06_083.json,partial,78.85,0.003,210
br06_084.json,partial,85.55,0.002,229
br06_085.json,partial,84.59,0.002,224
br06_086.json,partial,80.23,0.003,228
br06_087.json,partial,90.01,0.001,212
br06_088.json,partial,83.87,0.004,293
br06_089.json,partial,81.84,0.002,171
br06_090.json,partial,83.27,0.001,152
br06_091.json,partial,81.27,0.002,225
br06_092.json,partial,85.41,0.002,188
br06_093.json,partial,83.18,0.001,160
br06_094.json,partial,83.82,0.003,224
br06_095.json,partial,80.41,0.002,256
br06_096.json,partial,82.83,0.002,213
br06_097.json,partial,86.34,0.003,250
br06_098.json,partial,81.41,0.004,243
br06_099.json,partial,83.76,0.002,192
br06_100.json,partial,84.64,0.003,238
br07_001.json,partial,81.78,0.001,214
br07_002.json,partial,83.79,0.002,232
br07_003.json,partial,81.63,0.002,221
br07_004.json,partial,83.22,0.003,249
br07_005.json,partial,83.17,0.002,208
br07_006.json,partial,80.56,0.003,281
br07_007.json,partial,82.81,0.002,209
br07_008.json,partial,81.59,0.002,219
br07_009.json,partial,79.35,0.003,213
br07_010.json,partial,79.68,0.002,221
br07_011.json,partial,82.40,0.003,242
br07_012.json,partial,81.59,0.003,248
br07_013.json,partial,81.79,0.005,293
br07_014.json,partial,83.85,0.002,208
br07_015.json,partial,83.15,0.002,216
br07_016.json,partial,86.46,0.002,217
br07_017.json,partial,83.10,0.002,229
br07_018.json,partial,78.39,0.001,192
br07_019.json,partial,85.11,0.003,239
br07_020.json,partial,83.58,0.002,228
br07_021.json,partial,81.23,0.002,215
br07_022.json,partial,84.12,0.002,212
br07_023.json,partial,81.12,0.002,261
br07_024.json,partial,81.63,0.001,197
br07_025.json,partial,74.46,0.003,206
br07_026.json,partial,85.32,0.003,283
br07_027.json,partial,85.82,0.002,221
br07_028.json,partial,84.26,0.003,265
br07_029.json,partial,84.60,0.002,208
br07_030.json,partial,81.27,0.003,236
br07_031.json,partial,78.01,0.004,274
br07_032.json,partial,83.91,0.003,269
br07_033.json,partial,84.35,0.003,260
br07_034.json,partial,81.67,0.002,188
br07_035.json,partial,83.56,0.004,291
br07_036.json,partial,80.93,0.003,218
br07_037.json,partial,81.24,0.001,196
br07_038.json,partial,80.79,0.002,190
br07_039.json,partial,80.99,0.004,276
br07_040.json,partial,83.43,0.001,218
br07_041.json,partial,82.70,0.002,213
br07_042.json,partial,80.43,0.002,186
br07_043.json,partial,83.45,0.001,177
br07_044.json,partial,79.37,0.004,258
br07_045.json,partial,81.90,0.002,235
br07_046.json,partial,80.40,0.001,209
br07_047.json,partial,83.99,0.003,269
br07_048.json,partial,81.12,0.002,210
br07_049.json,partial,89.49,0.002,232
br07_050.json,partial,83.73,0.003,254
br07_051.json,partial,83.42,0.004,287
br07_052.json,partial,79.83,0.002,232
br07_053.json,partial,84.53,0.002,208
br07_054.json,partial,79.80,0.003,236
br07_055.json,partial,78.52,0.003,237
br07_056.json,partial,81.98,0.004,266
br07_057.json,partial,82.11,0.002,201
br07_058.json,partial,84.38,0.002,204
br07_059.json,partial,81.28,0.002,211
br07_060.json,partial,76.37,0.002,214
br07_061.json,partial,79.27,0.001,175
br07_062.json,partial,78.79,0.002,206
br07_063.json,partial,85.38,0.002,200
br07_064.json,partial,87.12,0.002,199
br07_065.json,partial,82.40,0.004,281
br07_066.json,partial,83.47,0.002,200
br07_067.json,partial,78.39,0.004,274
br07_068.json,partial,83.78,0.001,194
br07_069.json,partial,78.56,0.004,257
br07_070.json,partial,74.38,0.002,188
br07_071.json,partial,81.25,0.002,224
br07_072.json,partial,77.78,0.002,221
br07_073.json,partial,81.25,0.002,212
br07_074.json,partial,81.72,0.002,195
br07_075.json,partial,85.02,0.002,223
br07_076.json,partial,86.37,0.001,191
br07_077.json,partial,81.39,0.005,264
br07_078.json,partial,82.34,0.003,244
br07_079.json,partial,80.86,0.004,283
br07_080.json,partial,84.57,0.002,214
br07_081.json,partial,77.63,0.002,190
br07_082.json,partial,80.72,0.002,223
br07_083.json,partial,79.42,0.003,238
br07_084.json,partial,84.33,0.003,268
br07_085.json,partial,82.95,0.001,204
br07_086.json,partial,83.38,0.003,239
br07_087.json,partial,85.44,0.002,200
br07_088.json,partial,80.05,0.003,242
br07_089.json,partial,81.51,0.001,196
br07_090.json,partial,83.74,0.001,178
br07_091.json,partial,82.49,0.002,202
br07_092.json,partial,86.36,0.002,207
br07_093.json,partial,85.96,0.001,175
br07_094.json,partial,83.33,0.003,216
br07_095.json,partial,76.48,0.003,239
br07_096.json,partial,83.31,0.003,251
br07_097.json,partial,82.92,0.002,222
br07_098.json,partial,83.07,0.003,254
br07_099.json,partial,83.77,0.003,253
br07_100.json,partial,83.38,0.002,221
br08_001.json,partial,80.70,0.002,269
br08_002.json,partial,84.62,0.003,246
br08_003.json,partial,79.11,0.003,243
br08_004.json,partial,81.44,0.003,264
br08_005.json,partial,82.82,0.003,261
br08_006.json,partial,81.28,0.004,300
br08_007.json,partial,83.07,0.002,207
br08_008.json,partial,81.16,0.003,249
br08_009.json,partial,78.37,0.002,208
br08_010.json,partial,81.64,0.003,279
br08_011.json,partial,85.17,0.002,243
br08_012.json,partial,81.42,0.002,246
br08_013.json,partial,81.62,0.004,284
br08_014.json,partial,81.94,0.002,235
br08_015.json,partial,82.24,0.002,216
br08_016.json,partial,82.96,0.002,218
br08_017.json,partial,83.83,0.001,230
br08_018.json,partial,81.87,0.002,189
br08_019.json,partial,87.11,0.002,248
br08_020.json,partial,80.18,0.003,260
br08_021.json,partial,82.06,0.002,221
br08_022.json,partial,82.71,0.002,228
br08_023.json,partial,85.23,0.002,237
br08_024.json,partial,80.07,0.002,232
br08_025.json,partial,80.25,0.003,230
br08_026.json,partial,84.15,0.004,283
br08_027.json,partial,85.05,0.002,246
br08_028.json,partial,85.69,0.002,227
br08_029.json,partial,81.60,0.002,227
br08_030.json,partial,85.54,0.002,219
br08_031.json,partial,76.13,0.004,257
br08_032.json,partial,82.23,0.004,300
br08_033.json,partial,83.47,0.002,245
br08_034.json,partial,81.92,0.002,207
br08_035.json,partial,82.38,0.003,260
br08_036.json,partial,84.22,0.002,222
br08_037.json,partial,83.55,0.001,200
br08_038.json,partial,82.99,0.002,217
br08_039.json,partial,79.47,0.004,276
br08_040.json,partial,82.34,0.002,225
br08_041.json,partial,86.17,0.002,221
br08_042.json,partial,83.27,0.002,216
br08_043.json,partial,83.20,0.002,203
br08_044.json,partial,83.47,0.003,289
br08_045.json,partial,85.92,0.003,254
br08_046.json,partial,79.97,0.002,216
br08_047.json,partial,83.14,0.003,244
br08_048.json,partial,82.42,0.002,220
br08_049.json,partial,84.49,0.002,216
br08_050.json,partial,82.54,0.002,234
br08_051.json,partial,82.66,0.003,275
br08_052.json,partial,83.70,0.002,235
br08_053.json,partial,82.85,0.002,235
br08_054.json,partial,82.86,0.002,238
br08_055.json,partial,78.06,0.004,267
br08_056.json,partial,82.40,0.002,238
br08_057.json,partial,81.53,0.002,194
br08_058.json,partial,86.12,0.002,236
br08_059.json,partial,80.38,0.002,228
br08_060.json,partial,83.59,0.002,254
br08_061.json,partial,82.85,0.001,196
br08_062.json,partial,78.70,0.002,232
br08_063.json,partial,82.91,0.002,220
br08_064.json,partial,81.63,0.002,258
br08_065.json,partial,81.45,0.003,229
br08_066.json,partial,83.70,0.002,229
br08_067.json,partial,80.01,0.002,242
br08_068.json,partial,81.70,0.002,220
br08_069.json,partial,81.32,0.002,232
br08_070.json,partial,74.17,0.002,212
br08_071.json,partial,84.49,0.003,238
br08_072.json,partial,79.30,0.002,245
br08_073.json,partial,83.93,0.003,240
br08_074.json,partial,80.18,0.002,208
br08_075.json,partial,83.51,0.002,234
br08_076.json,partial,83.98,0.002,239
br08_077.json,partial,83.53,0.003,264
br08_078.json,partial,77.10,0.004,278
br08_079.json,partial,79.98,0.005,300
br08_080.json,partial,84.81,0.002,240
br08_081.json,partial,76.32,0.002,193
br08_082.json,partial,81.71,0.002,242
br08_083.json,partial,79.50,0.003,222
br08_084.json,partial,82.40,0.003,268
br08_085.json,partial,82.78,0.002,238
br08_086.json,partial,80.81,0.004,263
br08_087.json,partial,79.28,0.002,220
br08_088.json,partial,79.76,0.003,257
br08_089.json,partial,84.03,0.002,211
br08_090.json,partial,86.36,0.002,226
br08_091.json,partial,83.60,0.001,229
br08_092.json,partial,84.51,0.003,243
br08_093.json,partial,87.22,0.001,192
br08_094.json,partial,82.95,0.003,258
br08_095.json,partial,78.44,0.002,234
br08_096.json,partial,84.02,0.003,228
br08_097.json,partial,80.55,0.002,225
br08_098.json,partial,83.62,0.003,241
br08_099.json,partial,82.16,0.003,264
br08_100.json,partial,82.71,0.002,230
br09_001.json,partial,82.50,0.002,282
br09_002.json,partial,83.85,0.002,241
br09_003.json,partial,81.74,0.003,243
br09_004.json,partial,82.20,0.003,261
br09_005.json,partial,81.34,0.003,263
br09_006.json,partial,83.59,0.003,292
br09_007.json,partial,81.87,0.002,251
br09_008.json,partial,81.00,0.002,229
br09_009.json,partial,80.69,0.002,213
br09_010.json,partial,80.75,0.002,223
br09_011.json,partial,85.34,0.002,238
br09_012.json,partial,82.91,0.002,226
br09_013.json,partial,81.64,0.003,295
br09_014.json,partial,82.45,0.002,239
br09_015.json,partial,81.51,0.002,236
br09_016.json,partial,82.28,0.002,237
br09_017.json,partial,84.18,0.002,249
br09_018.json,partial,80.88,0.002,213
br09_019.json,partial,86.00,0.002,253
br09_020.json,partial,83.81,0.002,251
br09_021.json,partial,83.09,0.002,221
br09_022.json,partial,80.00,0.002,242
br09_023.json,partial,81.89,0.002,238
br09_024.json,partial,82.90,0.001,212
br09_025.json,partial,83.81,0.002,248
br09_026.json,partial,82.59,0.003,280
br09_027.json,partial,83.49,0.002,244
br09_028.json,partial,80.90,0.002,226
br09_029.json,partial,80.88,0.002,249
br09_030.json,partial,79.49,0.003,231
br09_031.json,partial,78.01,0.003,245
br09_032.json,partial,82.79,0.003,287
br09_033.json,partial,83.89,0.003,264
br09_034.json,partial,82.84,0.002,230
br09_035.json,partial,83.27,0.003,252
br09_036.json,partial,80.84,0.002,242
br09_037.json,partial,81.62,0.002,234
br09_038.json,partial,82.90,0.002,223
br09_039.json,partial,81.54,0.004,284
br09_040.json,partial,81.31,0.002,224
br09_041.json,partial,82.86,0.002,229
br09_042.json,partial,82.01,0.003,245
br09_043.json,partial,82.31,0.002,207
br09_044.json,partial,80.23,0.005,313
br09_045.json,partial,83.19,0.002,242
br09_046.json,partial,75.97,0.002,241
br09_047.json,partial,82.52,0.002,244
br09_048.json,partial,79.26,0.002,224
br09_049.json,partial,83.84,0.002,232
br09_050.json,partial,80.75,0.003,263
br09_051.json,partial,84.01,0.003,278
br09_052.json,partial,82.33,0.002,236
br09_053.json,partial,84.18,0.002,230
br09_054.json,partial,80.17,0.003,282
br09_055.json,partial,83.11,0.002,261
br09_056.json,partial,84.32,0.002,236
br09_057.json,partial,80.73,0.002,222
br09_058.json,partial,83.36,0.003,280
br09_059.json,partial,80.47,0.003,254
br09_060.json,partial,77.61,0.003,253
br09_061.json,partial,84.35,0.001,203
br09_062.json,partial,82.37,0.002,235
br09_063.json,partial,82.32,0.002,231
br09_064.json,partial,84.90,0.003,257
br09_065.json,partial,77.59,0.003,244
br09_066.json,partial,83.16,0.002,225
br09_067.json,partial,82.05,0.002,234
br09_068.json,partial,80.61,0.002,233
br09_069.json,partial,81.61,0.003,243
br09_070.json,partial,80.39,0.002,255
br09_071.json,partial,85.59,0.003,288
br09_072.json,partial,82.65,0.002,227
br09_073.json,partial,83.55,0.002,235
br09_074.json,partial,83.06,0.002,227
br09_075.json,partial,85.11,0.003,281
br09_076.json,partial,82.77,0.002,239
br09_077.json,partial,80.72,0.003,285
br09_078.json,partial,80.48,0.003,276
br09_079.json,partial,81.76,0.004,276
br09_080.json,partial,83.58,0.002,228
br09_081.json,partial,77.63,0.002,218
br09_082.json,partial,80.78,0.002,238
br09_083.json,partial,80.17,0.003,257
br09_084.json,partial,80.94,0.003,285
br09_085.json,partial,81.56,0.002,234
br09_086.json,partial,82.40,0.003,264
br09_087.json,partial,81.87,0.002,229
br09_088.json,partial,81.51,0.004,286
br09_089.json,partial,84.60,0.002,231
br09_090.json,partial,85.06,0.002,230
br09_091.json,partial,81.84,0.002,225
br09_092.json,partial,81.43,0.003,238
br09_093.json,partial,84.46,0.002,229
br09_094.json,partial,83.49,0.003,256
br09_095.json,partial,82.13,0.003,257
br09_096.json,partial,82.35,0.003,275
br09_097.json,partial,82.65,0.002,245
br09_098.json,partial,80.66,0.003,278
br09_099.json,partial,83.68,0.004,285
br09_100.json,partial,79.33,0.002,234
br10_001.json,partial,84.07,0.003,268
br10_002.json,partial,84.58,0.002,258
br10_003.json,partial,78.74,0.003,259
br10_004.json,partial,84.12,0.002,248
br10_005.json,partial,84.71,0.003,265
br10_006.json,partial,83.11,0.004,315
br10_007.json,partial,82.00,0.002,246
br10_008.json,partial,81.13,0.003,251
br10_009.json,partial,82.86,0.002,234
br10_010.json,partial,83.67,0.002,258
br10_011.json,partial,80.79,0.002,250
br10_012.json,partial,83.55,0.002,252
br10_013.json,partial,80.58,0.004,300
br10_014.json,partial,79.68,0.002,232
br10_015.json,partial,82.12,0.002,243
br10_016.json,partial,85.20,0.002,267
br10_017.json,partial,82.63,0.003,264
br10_018.json,partial,83.33,0.002,235
br10_019.json,partial,84.83,0.002,247
br10_020.json,partial,82.81,0.002,261
br10_021.json,partial,78.19,0.002,229
br10_022.json,partial,81.84,0.002,257
br10_023.json,partial,82.58,0.002,244
br10_024.json,partial,84.12,0.002,236
br10_025.json,partial,83.04,0.002,263
br10_026.json,partial,78.60,0.003,282
br10_027.json,partial,83.14,0.004,291
br10_028.json,partial,84.11,0.002,256
br10_029.json,partial,79.93,0.003,266
br10_030.json,partial,82.20,0.003,272
br10_031.json,partial,80.76,0.003,264
br10_032.json,partial,79.83,0.003,285
br10_033.json,partial,81.40,0.003,297
br10_034.json,partial,83.61,0.002,253
br10_035.json,partial,83.89,0.002,257
br10_036.json,partial,82.67,0.002,249
br10_037.json,partial,83.95,0.002,251
br10_038.json,partial,84.22,0.002,254
br10_039.json,partial,80.97,0.004,303
br10_040.json,partial,82.37,0.002,238
br10_041.json,partial,81.34,0.002,249
br10_042.json,partial,85.03,0.002,267
br10_043.json,partial,84.41,0.002,237
br10_044.json,partial,79.59,0.005,299
br10_045.json,partial,81.67,0.003,271
br10_046.json,partial,82.66,0.002,267
br10_047.json,partial,81.41,0.003,277
br10_048.json,partial,81.51,0.002,249
br10_049.json,partial,83.56,0.002,245
br10_050.json,partial,81.34,0.003,261
br10_051.json,partial,85.12,0.003,278
br10_052.json,partial,84.04,0.002,241
br10_053.json,partial,82.45,0.003,259
br10_054.json,partial,79.26,0.003,286
br10_055.json,partial,79.27,0.004,286
br10_056.json,partial,83.88,0.002,268
br10_057.json,partial,84.86,0.002,229
br10_058.json,partial,84.66,0.003,299
br10_059.json,partial,81.82,0.002,247
br10_060.json,partial,79.19,0.003,287
br10_061.json,partial,82.29,0.002,218
br10_062.json,partial,78.33,0.002,233
br10_063.json,partial,81.44,0.002,243
br10_064.json,partial,81.81,0.003,262
br10_065.json,partial,81.53,0.003,257
br10_066.json,partial,84.21,0.002,251
br10_067.json,partial,81.82,0.002,245
br10_068.json,partial,80.39,0.002,240
br10_069.json,partial,82.88,0.003,283
br10_070.json,partial,81.76,0.003,277
br10_071.json,partial,83.58,0.003,270
br10_072.json,partial,82.49,0.002,243
br10_073.json,partial,80.08,0.003,256
br10_074.json,partial,81.65,0.002,247
br10_075.json,partial,81.47,0.003,264
br10_076.json,partial,82.75,0.002,244
br10_077.json,partial,83.82,0.004,294
br10_078.json,partial,84.29,0.002,261
br10_079.json,partial,82.79,0.003,295
br10_080.json,partial,84.39,0.002,250
br10_081.json,partial,76.72,0.002,225
br10_082.json,partial,80.42,0.002,257
br10_083.json,partial,79.22,0.004,276
br10_084.json,partial,82.79,0.003,286
br10_085.json,partial,81.16,0.002,256
br10_086.json,partial,81.95,0.003,286
br10_087.json,partial,82.07,0.003,261
br10_088.json,partial,83.48,0.003,262
br10_089.json,partial,81.96,0.002,253
br10_090.json,partial,84.01,0.002,230
br10_091.json,partial,80.64,0.002,236
br10_092.json,partial,85.83,0.002,257
br10_093.json,partial,85.08,0.002,255
br10_094.json,partial,81.00,0.003,287
br10_095.json,partial,76.85,0.002,259
br10_096.json,partial,80.43,0.003,263
br10_097.json,partial,81.06,0.003,281
br10_098.json,partial,82.86,0.004,305
br10_099.json,partial,81.59,0.003,283
br10_100.json,partial,79.45,0.002,245
br11_001.json,partial,84.00,0.003,265
br11_002.json,partial,83.00,0.003,286
br11_003.json,partial,80.94,0.002,262
br11_004.json,partial,82.83,0.002,265
br11_005.json,partial,81.79,0.003,272
br11_006.json,partial,81.23,0.004,314
br11_007.json,partial,82.07,0.002,249
br11_008.json,partial,81.36,0.002,271
br11_009.json,partial,83.64,0.002,250
br11_010.json,partial,83.39,0.002,252
br11_011.json,partial,82.81,0.002,259
br11_012.json,partial,81.13,0.002,263
br11_013.json,partial,80.43,0.003,299
br11_014.json,partial,82.53,0.002,262
br11_015.json,partial,82.34,0.002,272
br11_016.json,partial,80.58,0.002,249
br11_017.json,partial,83.08,0.003,278
br11_018.json,partial,82.08,0.002,238
br11_019.json,partial,84.39,0.002,262
br11_020.json,partial,82.92,0.003,293
br11_021.json,partial,81.12,0.002,258
br11_022.json,partial,82.85,0.002,265
br11_023.json,partial,83.27,0.002,257
br11_024.json,partial,82.15,0.002,248
br11_025.json,partial,82.95,0.002,289
br11_026.json,partial,82.58,0.003,306
br11_027.json,partial,85.49,0.003,258
br11_028.json,partial,85.34,0.002,271
br11_029.json,partial,81.87,0.003,281
br11_030.json,partial,83.15,0.003,277
br11_031.json,partial,81.84,0.003,277
br11_032.json,partial,79.16,0.003,287
br11_033.json,partial,80.68,0.003,285
br11_034.json,partial,83.21,0.002,259
br11_035.json,partial,82.96,0.002,260
br11_036.json,partial,80.82,0.003,299
br11_037.json,partial,80.73,0.002,262
br11_038.json,partial,81.74,0.003,264
br11_039.json,partial,82.34,0.004,298
br11_040.json,partial,81.94,0.002,246
br11_041.json,partial,81.80,0.003,268
br11_042.json,partial,81.98,0.002,268
br11_043.json,partial,81.19,0.002,259
br11_044.json,partial,81.13,0.003,300
br11_045.json,partial,83.08,0.003,288
br11_046.json,partial,80.52,0.002,255
br11_047.json,partial,82.05,0.003,283
br11_048.json,partial,82.72,0.002,259
br11_049.json,partial,83.21,0.002,250
br11_050.json,partial,82.81,0.003,276
br11_051.json,partial,81.45,0.003,309
br11_052.json,partial,81.12,0.002,265
br11_053.json,partial,81.18,0.003,274
br11_054.json,partial,81.13,0.004,323
br11_055.json,partial,82.01,0.003,293
br11_056.json,partial,84.28,0.002,282
br11_057.json,partial,84.41,0.002,249
br11_058.json,partial,83.14,0.002,269
br11_059.json,partial,84.12,0.003,275
br11_060.json,partial,80.65,0.003,298
br11_061.json,partial,85.23,0.002,240
br11_062.json,partial,80.11,0.002,267
br11_063.json,partial,80.43,0.002,246
br11_064.json,partial,80.77,0.002,268
br11_065.json,partial,83.43,0.002,258
br11_066.json,partial,84.67,0.002,280
br11_067.json,partial,82.11,0.002,260
br11_068.json,partial,81.33,0.002,248
br11_069.json,partial,80.42,0.003,299
br11_070.json,partial,80.42,0.002,280
br11_071.json,partial,84.53,0.003,275
br11_072.json,partial,82.08,0.002,255
br11_073.json,partial,82.33,0.003,265
br11_074.json,partial,82.76,0.002,257
br11_075.json,partial,83.16,0.003,286
br11_076.json,partial,83.02,0.002,266
br11_077.json,partial,81.04,0.003,303
br11_078.json,partial,78.82,0.003,282
br11_079.json,partial,80.43,0.004,300
br11_080.json,partial,79.98,0.003,269
br11_081.json,partial,79.75,0.002,244
br11_082.json,partial,82.19,0.002,259
br11_083.json,partial,78.66,0.003,287
br11_084.json,partial,79.46,0.003,295
br11_085.json,partial,81.08,0.003,271
br11_086.json,partial,79.14,0.003,270
br11_087.json,partial,82.91,0.002,269
br11_088.json,partial,80.36,0.002,265
br11_089.json,partial,81.61,0.002,259
br11_090.json,partial,79.90,0.002,240
br11_091.json,partial,82.56,0.002,253
br11_092.json,partial,82.32,0.003,271
br11_093.json,partial,83.37,0.002,250
br11_094.json,partial,85.34,0.003,317
br11_095.json,partial,79.78,0.003,283
br11_096.json,partial,82.48,0.003,282
br11_097.json,partial,82.50,0.002,270
br11_098.json,partial,80.77,0.004,315
br11_099.json,partial,83.53,0.003,299
br11_100.json,partial,83.05,0.002,268
br12_001.json,partial,82.10,0.003,287
br12_002.json,partial,83.29,0.002,293
br12_003.json,partial,78.50,0.003,274
br12_004.json,partial,84.43,0.002,284
br12_005.json,partial,81.51,0.003,287
br12_006.json,partial,80.31,0.004,325
br12_007.json,partial,81.84,0.002,264
br12_008.json,partial,83.34,0.002,277
br12_009.json,partial,83.58,0.002,263
br12_010.json,partial,82.47,0.002,276
br12_011.json,partial,82.49,0.002,271
br12_012.json,partial,82.99,0.003,273
br12_013.json,partial,81.60,0.003,296
br12_014.json,partial,82.33,0.002,265
br12_015.json,partial,81.11,0.002,265
br12_016.json,partial,81.21,0.002,276
br12_017.json,partial,81.48,0.003,289
br12_018.json,partial,80.46,0.002,261
br12_019.json,partial,85.68,0.002,274
br12_020.json,partial,82.82,0.003,323
br12_021.json,partial,82.63,0.003,278
br12_022.json,partial,80.29,0.003,290
br12_023.json,partial,84.41,0.002,265
br12_024.json,partial,82.68,0.002,264
br12_025.json,partial,82.28,0.003,295
br12_026.json,partial,81.45,0.003,314
br12_027.json,partial,82.75,0.003,273
br12_028.json,partial,82.34,0.003,291
br12_029.json,partial,81.07,0.003,290
br12_030.json,partial,81.79,0.003,293
br12_031.json,partial,79.71,0.003,296
br12_032.json,partial,83.32,0.003,306
br12_033.json,partial,82.79,0.003,295
br12_034.json,partial,83.14,0.002,259
br12_035.json,partial,81.41,0.003,285
br12_036.json,partial,81.21,0.003,286
br12_037.json,partial,81.61,0.003,277
br12_038.json,partial,82.62,0.002,266
br12_039.json,partial,79.49,0.004,318
br12_040.json,partial,81.06,0.002,273
br12_041.json,partial,83.38,0.003,291
br12_042.json,partial,82.26,0.003,289
br12_043.json,partial,84.01,0.002,266
br12_044.json,partial,82.79,0.004,337
br12_045.json,partial,83.33,0.003,287
br12_046.json,partial,82.27,0.002,275
br12_047.json,partial,79.97,0.003,284
br12_048.json,partial,81.26,0.003,281
br12_049.json,partial,84.86,0.002,272
br12_050.json,partial,81.10,0.003,313
br12_051.json,partial,81.96,0.004,320
br12_052.json,partial,80.70,0.002,265
br12_053.json,partial,80.78,0.003,315
br12_054.json,partial,82.34,0.004,334
br12_055.json,partial,79.67,0.004,307
br12_056.json,partial,82.59,0.002,294
br12_057.json,partial,82.10,0.002,272
br12_058.json,partial,84.31,0.003,289
br12_059.json,partial,82.94,0.002,282
br12_060.json,partial,84.34,0.003,300
br12_061.json,partial,81.83,0.002,270
br12_062.json,partial,79.74,0.003,284
br12_063.json,partial,80.56,0.002,264
br12_064.json,partial,81.83,0.002,296
br12_065.json,partial,83.61,0.003,291
br12_066.json,partial,83.25,0.002,286
br12_067.json,partial,83.14,0.002,267
br12_068.json,partial,80.73,0.002,259
br12_069.json,partial,83.04,0.003,297
br12_070.json,partial,82.12,0.002,286
br12_071.json,partial,82.93,0.004,318
br12_072.json,partial,82.69,0.002,269
br12_073.json,partial,81.45,0.002,274
br12_074.json,partial,81.98,0.002,279
br12_075.json,partial,84.56,0.003,301
br12_076.json,partial,82.49,0.003,285
br12_077.json,partial,83.52,0.003,319
br12_078.json,partial,80.17,0.003,287
br12_079.json,partial,81.85,0.004,313
br12_080.json,partial,81.44,0.003,293
br12_081.json,partial,80.74,0.002,262
br12_082.json,partial,81.98,0.002,283
br12_083.json,partial,84.92,0.003,287
br12_084.json,partial,80.75,0.003,312
br12_085.json,partial,82.33,0.003,289
br12_086.json,partial,82.57,0.003,287
br12_087.json,partial,80.28,0.003,281
br12_088.json,partial,79.86,0.002,277
br12_089.json,partial,83.42,0.003,272
br12_090.json,partial,82.95,0.002,268
br12_091.json,partial,83.65,0.002,267
br12_092.json,partial,83.01,0.003,285
br12_093.json,partial,82.77,0.002,264
br12_094.json,partial,80.70,0.003,314
br12_095.json,partial,78.35,0.003,297
br12_096.json,partial,83.20,0.003,287
br12_097.json,partial,80.66,0.003,290
br12_098.json,partial,80.03,0.004,326
br12_099.json,partial,82.53,0.003,301
br12_100.json,partial,77.48,0.002,273
br13_001.json,partial,79.92,0.002,285
br13_002.json,partial,84.09,0.003,312
br13_003.json,partial,78.96,0.003,292
br13_004.json,partial,84.74,0.002,288
br13_005.json,partial,82.34,0.003,307
br13_006.json,partial,81.71,0.005,350
br13_007.json,partial,82.98,0.003,282
br13_008.json,partial,81.93,0.002,295
br13_009.json,partial,84.22,0.002,281
br13_010.json,partial,82.81,0.002,292
br13_011.json,partial,84.37,0.002,278
br13_012.json,partial,84.44,0.003,288
br13_013.json,partial,83.21,0.003,313
br13_014.json,partial,82.24,0.003,291
br13_015.json,partial,83.04,0.003,295
br13_016.json,partial,83.31,0.002,289
br13_017.json,partial,84.38,0.003,295
br13_018.json,partial,81.94,0.002,267
br13_019.json,partial,86.05,0.002,278
br13_020.json,partial,79.55,0.003,315
br13_021.json,partial,82.80,0.002,286
br13_022.json,partial,80.61,0.003,291
br13_023.json,partial,80.71,0.002,274
br13_024.json,partial,82.57,0.002,273
br13_025.json,partial,83.37,0.003,319
br13_026.json,partial,81.52,0.003,321
br13_027.json,partial,82.17,0.002,297
br13_028.json,partial,83.15,0.002,291
br13_029.json,partial,80.87,0.003,295
br13_030.json,partial,81.38,0.003,297
br13_031.json,partial,79.55,0.003,294
br13_032.json,partial,82.47,0.003,327
br13_033.json,partial,79.32,0.003,291
br13_034.json,partial,82.57,0.002,268
br13_035.json,partial,83.59,0.002,304
br13_036.json,partial,82.81,0.003,308
br13_037.json,partial,82.26,0.002,290
br13_038.json,partial,81.80,0.003,290
br13_039.json,partial,80.18,0.004,330
br13_040.json,partial,83.31,0.003,300
br13_041.json,partial,81.34,0.003,290
br13_042.json,partial,82.78,0.003,287
br13_043.json,partial,84.42,0.002,281
br13_044.json,partial,84.11,0.003,317
br13_045.json,partial,80.74,0.002,291
br13_046.json,partial,82.11,0.003,286
br13_047.json,partial,83.28,0.003,294
br13_048.json,partial,81.88,0.003,300
br13_049.json,partial,84.03,0.002,278
br13_050.json,partial,79.19,0.003,324
br13_051.json,partial,83.20,0.003,315
br13_052.json,partial,80.29,0.002,294
br13_053.json,partial,83.53,0.003,312
br13_054.json,partial,82.68,0.004,356
br13_055.json,partial,81.94,0.003,317
br13_056.json,partial,84.85,0.002,299
br13_057.json,partial,82.87,0.003,290
br13_058.json,partial,82.77,0.003,291
br13_059.json,partial,80.03,0.002,295
br13_060.json,partial,81.23,0.003,324
br13_061.json,partial,83.19,0.002,269
br13_062.json,partial,81.09,0.003,304
br13_063.json,partial,81.91,0.003,285
br13_064.json,partial,83.14,0.003,308
br13_065.json,partial,82.00,0.003,290
br13_066.json,partial,84.79,0.003,287
br13_067.json,partial,81.05,0.002,276
br13_068.json,partial,82.05,0.003,283
br13_069.json,partial,80.54,0.003,303
br13_070.json,partial,82.10,0.003,303
br13_071.json,partial,81.77,0.003,309
br13_072.json,partial,79.41,0.002,282
br13_073.json,partial,81.59,0.003,286
br13_074.json,partial,82.89,0.002,288
br13_075.json,partial,82.67,0.004,335
br13_076.json,partial,84.29,0.002,292
br13_077.json,partial,83.24,0.003,313
br13_078.json,partial,82.26,0.003,317
br13_079.json,partial,81.39,0.004,320
br13_080.json,partial,81.23,0.003,323
br13_081.json,partial,79.23,0.002,269
br13_082.json,partial,83.59,0.002,289
br13_083.json,partial,82.14,0.003,293
br13_084.json,partial,81.88,0.003,307
br13_085.json,partial,81.96,0.004,331
br13_086.json,partial,84.04,0.003,309
br13_087.json,partial,81.58,0.003,309
br13_088.json,partial,82.16,0.002,300
br13_089.json,partial,83.81,0.003,299
br13_090.json,partial,82.01,0.002,278
br13_091.json,partial,83.69,0.002,280
br13_092.json,partial,81.05,0.003,304
br13_093.json,partial,82.48,0.002,283
br13_094.json,partial,83.17,0.004,334
br13_095.json,partial,79.47,0.002,292
br13_096.json,partial,81.71,0.003,297
br13_097.json,partial,82.99,0.002,291
br13_098.json,partial,81.91,0.003,313
br13_099.json,partial,81.61,0.003,322
br13_100.json,partial,80.15,0.003,292
br14_001.json,partial,82.55,0.002,288
br14_002.json,partial,81.18,0.003,328
br14_003.json,partial,81.37,0.003,304
br14_004.json,partial,82.99,0.002,292
br14_005.json,partial,80.83,0.003,308
br14_006.json,partial,79.80,0.004,359
br14_007.json,partial,80.72,0.002,290
br14_008.json,partial,81.89,0.003,313
br14_009.json,partial,84.50,0.002,299
br14_010.json,partial,82.25,0.003,309
br14_011.json,partial,82.77,0.003,309
br14_012.json,partial,82.49,0.002,290
br14_013.json,partial,83.50,0.003,318
br14_014.json,partial,82.70,0.003,308
br14_015.json,partial,82.90,0.002,300
br14_016.json,partial,80.52,0.003,293
br14_017.json,partial,82.37,0.003,318
br14_018.json,partial,80.35,0.002,276
br14_019.json,partial,81.69,0.003,305
br14_020.json,partial,80.86,0.002,314
br14_021.json,partial,81.90,0.002,293
br14_022.json,partial,83.10,0.002,305
br14_023.json,partial,84.11,0.002,300
br14_024.json,partial,83.28,0.002,294
br14_025.json,partial,81.90,0.003,318
br14_026.json,partial,80.59,0.003,333
br14_027.json,partial,82.12,0.003,302
br14_028.json,partial,82.62,0.003,306
br14_029.json,partial,81.08,0.003,316
br14_030.json,partial,81.83,0.003,328
br14_031.json,partial,78.05,0.002,309
br14_032.json,partial,82.15,0.003,339
br14_033.json,partial,79.94,0.003,304
br14_034.json,partial,79.59,0.002,292
br14_035.json,partial,82.56,0.002,312
br14_036.json,partial,82.54,0.003,307
br14_037.json,partial,81.42,0.002,312
br14_038.json,partial,82.13,0.003,314
br14_039.json,partial,82.46,0.004,344
br14_040.json,partial,83.37,0.003,305
br14_041.json,partial,84.02,0.003,317
br14_042.json,partial,81.12,0.002,290
br14_043.json,partial,81.60,0.002,305
br14_044.json,partial,81.98,0.003,348
br14_045.json,partial,83.60,0.002,310
br14_046.json,partial,81.77,0.003,290
br14_047.json,partial,83.56,0.002,308
br14_048.json,partial,84.24,0.003,306
br14_049.json,partial,83.90,0.002,288
br14_050.json,partial,83.14,0.004,342
br14_051.json,partial,82.29,0.003,339
br14_052.json,partial,82.57,0.002,300
br14_053.json,partial,84.05,0.003,321
br14_054.json,partial,82.24,0.004,352
br14_055.json,partial,81.74,0.003,308
br14_056.json,partial,82.02,0.002,305
br14_057.json,partial,83.42,0.002,294
br14_058.json,partial,84.69,0.002,307
br14_059.json,partial,83.28,0.002,316
br14_060.json,partial,80.70,0.004,326
br14_061.json,partial,82.78,0.002,287
br14_062.json,partial,79.83,0.003,313
br14_063.json,partial,82.23,0.003,307
br14_064.json,partial,81.63,0.003,312
br14_065.json,partial,80.24,0.003,303
br14_066.json,partial,82.33,0.003,307
br14_067.json,partial,81.80,0.003,295
br14_068.json,partial,84.33,0.002,299
br14_069.json,partial,82.30,0.003,334
br14_070.json,partial,82.25,0.002,321
br14_071.json,partial,82.94,0.003,314
br14_072.json,partial,82.14,0.002,293
br14_073.json,partial,83.69,0.003,303
br14_074.json,partial,82.59,0.002,300
br14_075.json,partial,82.41,0.003,321
br14_076.json,partial,82.85,0.003,299
br14_077.json,partial,81.38,0.003,339
br14_078.json,partial,80.63,0.003,338
br14_079.json,partial,81.17,0.004,330
br14_080.json,partial,78.34,0.003,312
br14_081.json,partial,81.03,0.002,294
br14_082.json,partial,81.96,0.002,288
br14_083.json,partial,81.63,0.003,298
br14_084.json,partial,80.91,0.003,315
br14_085.json,partial,83.06,0.003,334
br14_086.json,partial,82.20,0.003,310
br14_087.json,partial,81.68,0.003,326
br14_088.json,partial,80.81,0.003,299
br14_089.json,partial,80.90,0.003,298
br14_090.json,partial,82.01,0.003,289
br14_091.json,partial,83.10,0.002,290
br14_092.json,partial,82.26,0.003,313
br14_093.json,partial,80.40,0.002,279
br14_094.json,partial,81.45,0.003,307
br14_095.json,partial,80.84,0.002,304
br14_096.json,partial,84.15,0.003,330
br14_097.json,partial,81.31,0.003,301
br14_098.json,partial,82.28,0.003,318
br14_099.json,partial,82.27,0.003,318
br14_100.json,partial,81.75,0.003,302
br15_001.json,partial,84.23,0.002,311
br15_002.json,partial,80.40,0.003,329
br15_003.json,partial,80.31,0.003,321
br15_004.json,partial,84.99,0.002,320
br15_005.json,partial,80.71,0.003,324
br15_006.json,partial,82.27,0.004,366
br15_007.json,partial,83.59,0.003,316
br15_008.json,partial,79.83,0.003,311
br15_009.json,partial,84.04,0.002,301
br15_010.json,partial,83.03,0.003,331
br15_011.json,partial,82.83,0.003,327
br15_012.json,partial,83.21,0.002,307
br15_013.json,partial,83.33,0.003,335
br15_014.json,partial,83.99,0.003,313
br15_015.json,partial,81.39,0.003,313
br15_016.json,partial,81.24,0.002,310
br15_017.json,partial,84.45,0.003,330
br15_018.json,partial,83.22,0.002,307
br15_019.json,partial,81.89,0.003,309
br15_020.json,partial,81.92,0.003,330
br15_021.json,partial,84.35,0.003,318
br15_022.json,partial,82.98,0.002,320
br15_023.json,partial,82.87,0.002,319
br15_024.json,partial,82.49,0.002,309
br15_025.json,partial,82.43,0.003,339
br15_026.json,partial,82.33,0.004,357
br15_027.json,partial,79.30,0.002,306
br15_028.json,partial,82.10,0.003,323
br15_029.json,partial,81.46,0.003,322
br15_030.json,partial,83.30,0.003,331
br15_031.json,partial,80.56,0.003,318
br15_032.json,partial,80.82,0.003,350
br15_033.json,partial,82.53,0.003,328
br15_034.json,partial,82.41,0.002,321
br15_035.json,partial,82.67,0.003,330
br15_036.json,partial,82.80,0.003,327
br15_037.json,partial,82.43,0.002,318
br15_038.json,partial,82.93,0.003,320
br15_039.json,partial,84.03,0.003,352
br15_040.json,partial,81.07,0.002,313
br15_041.json,partial,81.19,0.003,322
br15_042.json,partial,83.38,0.003,311
br15_043.json,partial,80.27,0.002,311
br15_044.json,partial,81.76,0.003,345
br15_045.json,partial,82.94,0.003,327
br15_046.json,partial,84.75,0.003,308
br15_047.json,partial,80.98,0.002,320
br15_048.json,partial,80.30,0.003,319
br15_049.json,partial,82.99,0.003,313
br15_050.json,partial,81.43,0.003,338
br15_051.json,partial,81.84,0.004,362
br15_052.json,partial,81.23,0.003,325
br15_053.json,partial,82.43,0.003,341
br15_054.json,partial,81.84,0.003,353
br15_055.json,partial,81.11,0.004,335
br15_056.json,partial,83.99,0.002,331
br15_057.json,partial,82.88,0.002,313
br15_058.json,partial,83.59,0.002,319
br15_059.json,partial,83.50,0.003,329
br15_060.json,partial,81.14,0.004,361
br15_061.json,partial,83.20,0.003,315
br15_062.json,partial,81.46,0.003,321
br15_063.json,partial,82.67,0.003,317
br15_064.json,partial,81.92,0.003,333
br15_065.json,partial,82.70,0.003,326
br15_066.json,partial,84.19,0.003,337
br15_067.json,partial,80.60,0.002,304
br15_068.json,partial,81.76,0.002,318
br15_069.json,partial,82.60,0.003,335
br15_070.json,partial,81.52,0.002,334
br15_071.json,partial,80.87,0.003,331
br15_072.json,partial,83.84,0.002,318
br15_073.json,partial,82.91,0.003,331
br15_074.json,partial,80.55,0.002,316
br15_075.json,partial,81.12,0.003,323
br15_076.json,partial,81.84,0.002,317
br15_077.json,partial,80.14,0.004,352
br15_078.json,partial,80.60,0.003,330
br15_079.json,partial,82.47,0.004,357
br15_080.json,partial,80.34,0.003,333
br15_081.json,partial,81.34,0.002,308
br15_082.json,partial,83.43,0.002,312
br15_083.json,partial,81.38,0.003,321
br15_084.json,partial,81.69,0.003,334
br15_085.json,partial,81.74,0.004,360
br15_086.json,partial,82.22,0.003,320
br15_087.json,partial,81.97,0.003,339
br15_088.json,partial,81.55,0.003,328
br15_089.json,partial,81.31,0.003,325
br15_090.json,partial,82.16,0.003,308
br15_091.json,partial,83.65,0.002,310
br15_092.json,partial,82.02,0.003,310
br15_093.json,partial,82.19,0.002,304
br15_094.json,partial,81.92,0.003,337
br15_095.json,partial,80.36,0.002,320
br15_096.json,partial,83.18,0.003,326
br15_097.json,partial,80.92,0.003,316
br15_098.json,partial,81.14,0.003,328
br15_099.json,partial,82.97,0.004,349
br15_100.json,partial,78.79,0.003,318
